{
    "shipmentCoefficients": {
        "LTL": {
            "pallets": 112.75637838274085,
            "weight": 0.11022487451396723,
            "distance": 0.7141799998648485,
            "avg_gas_price": -58.22218381141883
        },
        "FTL": {
            "distance": 2.4743348933595066,
            "avg_gas_price": 1527.563317205147
        },
        "Box Truck": {
            "weight": 0.049208961741860416,
            "distance": 1.6652276231283019,
            "avg_gas_price": -167.79924807239334
        },
        "Sprinter Van": {
            "distance": 0.10650309140073233,
            "avg_gas_price": 53.4738649744997
        }
    },
    "intercepts": {
        "LTL": -127.89470407100089,
        "FTL": -4747.991324567256,
        "Box Truck": 840.4015364504813,
        "Sprinter Van": -102.9413095347178
    }
}